,mse_test,rmse_test,mae_test,mape_test
0,457.14984130859375,21.381062679590876,12.349151611328125,0.2066178321838379
