,mse_test,rmse_test,mae_test,mape_test
0,5.685358246410033e-06,0.002384398927698558,0.0015199023764580488,0.0023027127608656883
