,mse_test,rmse_test,mae_test,mape_test
0,8.643132209777832,2.9399204427633467,2.282987117767334,0.03718440607190132
