,mse_test,rmse_test,mae_test,mape_test
0,6.340604613797041e-06,0.0025180557209476206,0.0014955325750634074,0.002247830852866173
