,mse_test,rmse_test,mae_test,mape_test
0,5.055775545770302e-06,0.002248505180285405,0.0015144955832511187,0.0022954826708883047
