,mse_test,rmse_test,mae_test,mape_test
0,13.244131088256836,3.6392486983245367,2.619612216949463,0.04522407054901123
