,mse_test,rmse_test,mae_test,mape_test
0,424.0201721191406,20.5917500985016,11.828964233398438,0.20498432219028473
