,mse_test,rmse_test,mae_test,mape_test
0,15.547113418579102,3.9429828072893116,2.8087589740753174,0.047016724944114685
