,mse_test,rmse_test,mae_test,mape_test
0,3.22546648979187,1.795958376408504,1.2569395303726196,0.020653558894991875
