,mse_test,rmse_test,mae_test,mape_test
0,5.8604036894394085e-06,0.0024208270672312405,0.0014719063183292747,0.00221936940215528
