,mse_test,rmse_test,mae_test,mape_test
0,9.960875511169434,3.1560854727287464,2.4179463386535645,0.04064082354307175
