,mse_test,rmse_test,mae_test,mape_test
0,3.8501152992248535,1.9621710677779483,1.1721012592315674,0.019242463633418083
