,mse_test,rmse_test,mae_test,mape_test
0,3.7348098754882812,1.9325656199695473,1.2451441287994385,0.020551279187202454
