,mse_test,rmse_test,mae_test,mape_test
0,6.416328687919304e-06,0.002533047312609716,0.0015406189486384392,0.002332377014681697
