,mse_test,rmse_test,mae_test,mape_test
0,6.139146080386126e-06,0.002477730025726396,0.0014939361717551947,0.002259901724755764
