,mse_test,rmse_test,mae_test,mape_test
0,5.339892140909797e-06,0.0023108206639438286,0.0014638692373409867,0.0022149961441755295
