,mse_test,rmse_test,mae_test,mape_test
0,564.1732788085938,23.752332070948185,13.030293464660645,0.22992467880249023
