,mse_test,rmse_test,mae_test,mape_test
0,16.35975456237793,4.044719342844189,2.824084520339966,0.04381788149476051
