,mse_test,rmse_test,mae_test,mape_test
0,5.291738033294678,2.3003778022956745,1.670774221420288,0.027979785576462746
