,mse_test,rmse_test,mae_test,mape_test
0,2.7812721729278564,1.6677146557273688,1.0776430368423462,0.0166952982544899
