,mse_test,rmse_test,mae_test,mape_test
0,6.711201876896666e-06,0.002590598748725218,0.0015490968944504857,0.0023315809667110443
