,mse_test,rmse_test,mae_test,mape_test
0,401.63006591796875,20.04071021490927,11.738862991333008,0.20292066037654877
