,mse_test,rmse_test,mae_test,mape_test
0,428.35894775390625,20.69683424473188,11.670355796813965,1375.14501953125
