,mse_test,rmse_test,mae_test,mape_test
0,5.85187353863148e-06,0.0024190645999293777,0.001542245619930327,0.0023397107142955065
