,mse_test,rmse_test,mae_test,mape_test
0,465.12811279296875,21.56682899252852,12.70543098449707,0.22423876821994781
