,mse_test,rmse_test,mae_test,mape_test
0,15.514056205749512,3.93878867239022,2.8650879859924316,0.04761878773570061
