,mse_test,rmse_test,mae_test,mape_test
0,6.0725374169123825e-06,0.002464251898023492,0.001503330422565341,0.0022605720441788435
