,mse_test,rmse_test,mae_test,mape_test
0,551.161376953125,23.476826381628438,12.721036911010742,0.2158902883529663
