,mse_test,rmse_test,mae_test,mape_test
0,6.219671377039049e-06,0.002493926898896407,0.001522359438240528,0.002295996295288205
