,mse_test,rmse_test,mae_test,mape_test
0,6.583979484275915e-06,0.002565926632675984,0.00159178813919425,0.002402533544227481
