,mse_test,rmse_test,mae_test,mape_test
0,5.092476385470945e-06,0.0022566515870800583,0.0014393748715519905,0.00217583985067904
