,mse_test,rmse_test,mae_test,mape_test
0,6.579813998541795e-06,0.002565114811961015,0.001557950279675424,0.0023663006722927094
