,mse_test,rmse_test,mae_test,mape_test
0,10.554373741149902,3.248749565779102,2.398225784301758,0.04122625291347504
