,mse_test,rmse_test,mae_test,mape_test
0,15.287574768066406,3.9099328342142154,2.803255558013916,0.04476682469248772
