,mse_test,rmse_test,mae_test,mape_test
0,537.83642578125,23.191300648761594,13.241973876953125,0.28621140122413635
