,mse_test,rmse_test,mae_test,mape_test
0,11.762809753417969,3.429695285796971,2.394552230834961,0.040037304162979126
