,mse_test,rmse_test,mae_test,mape_test
0,405.8905334472656,20.14672512959031,11.948200225830078,2312.076171875
