,mse_test,rmse_test,mae_test,mape_test
0,6272.283203125,79.19774746244366,53.89582061767578,1.3933407068252563
