,mse_test,rmse_test,mae_test,mape_test
0,6.112387836765265e-06,0.002472324379357463,0.001505808555521071,0.002276836894452572
