,mse_test,rmse_test,mae_test,mape_test
0,6.720141755067743e-06,0.00259232362082124,0.0015404231380671263,0.0023204833269119263
