,mse_test,rmse_test,mae_test,mape_test
0,3.668557643890381,1.9153479171916472,1.2278844118118286,0.019678743556141853
