,mse_test,rmse_test,mae_test,mape_test
0,4.690594673156738,2.1657780756939844,1.5082348585128784,0.024833304807543755
