,mse_test,rmse_test,mae_test,mape_test
0,14.760591506958008,3.8419515232441452,2.826552629470825,0.047623082995414734
