dataset,rmse_mean,rmse_std,mae_mean,mae_std,mape_mean,mape_std
Electricity,1.976725014286966,0.1612891194276793,1.2540755033493043,0.06935345291218009,0.0208406943827867,0.0014394497267299722
PM2.5,21.705571892414973,1.1460484264652102,11.97192211151123,0.4425725835055271,275.19975183010104,614.8880975548659
Exchange,0.0024975358246064998,0.00010710646510758022,0.00154469183180476,3.409045068820821e-05,0.00233670948073262,4.960640950132822e-05
