,mse_test,rmse_test,mae_test,mape_test
0,2.7915663719177246,1.670798124226181,1.078489899635315,0.016565663740038872
