,mse_test,rmse_test,mae_test,mape_test
0,618.4732055664062,24.86912152783862,13.598073959350586,0.2681008577346802
