,mse_test,rmse_test,mae_test,mape_test
0,11.467466354370117,3.386364769833592,2.441934823989868,0.041543565690517426
