,mse_test,rmse_test,mae_test,mape_test
0,4.998039722442627,2.2356296031415015,1.3685686588287354,0.02318105660378933
