,mse_test,rmse_test,mae_test,mape_test
0,6.660931376245571e-06,0.002580878024286613,0.0015247513074427843,0.0022916400339454412
