,mse_test,rmse_test,mae_test,mape_test
0,5.633582986774854e-06,0.0023735170078966897,0.001536828582175076,0.0023200567811727524
