,mse_test,rmse_test,mae_test,mape_test
0,2.9573347568511963,1.7196903084134645,1.1040922403335571,0.017021726816892624
