,mse_test,rmse_test,mae_test,mape_test
0,5.868169409950497e-06,0.0024224304757723175,0.001565275015309453,0.0023698194418102503
