,mse_test,rmse_test,mae_test,mape_test
0,500.170166015625,22.364484479093743,12.051190376281738,0.22031362354755402
