,mse_test,rmse_test,mae_test,mape_test
0,11.399694442749023,3.3763433537999394,2.4534873962402344,0.04347044229507446
