,mse_test,rmse_test,mae_test,mape_test
0,10.782339096069336,3.2836472246679205,2.3761866092681885,0.03919880464673042
