,mse_test,rmse_test,mae_test,mape_test
0,412.937744140625,20.320869669889255,11.788461685180664,0.21680067479610443
