,mse_test,rmse_test,mae_test,mape_test
0,10.424701690673828,3.2287306624544927,2.443037986755371,0.04016496241092682
