,mse_test,rmse_test,mae_test,mape_test
0,6.321609816950513e-06,0.0025142811730095964,0.0015028227353468537,0.002268414245918393
