,mse_test,rmse_test,mae_test,mape_test
0,5.347954356693663e-06,0.002312564454603085,0.0014760274207219481,0.0022336274851113558
