,mse_test,rmse_test,mae_test,mape_test
0,410.22979736328125,20.25413037785827,11.74609088897705,0.22441472113132477
