,mse_test,rmse_test,mae_test,mape_test
0,437.43499755859375,20.914946750077892,11.473367691040039,0.21060048043727875
