,mse_test,rmse_test,mae_test,mape_test
0,3.8025150299072266,1.9500038538185576,1.154958724975586,0.019177939742803574
