,mse_test,rmse_test,mae_test,mape_test
0,526.3841552734375,22.943063336735083,12.471078872680664,0.2287982702255249
