,mse_test,rmse_test,mae_test,mape_test
0,6.471937467722455e-06,0.0025440002884674472,0.0015152706764638424,0.0022793440148234367
