,mse_test,rmse_test,mae_test,mape_test
0,3.1178383827209473,1.7657401798455363,1.097296953201294,0.017262831330299377
