,mse_test,rmse_test,mae_test,mape_test
0,300.34844970703125,17.33056403314766,14.324658393859863,0.259507954120636
