,mse_test,rmse_test,mae_test,mape_test
0,427.7810974121094,20.682869660956367,11.737199783325195,0.20859982073307037
