,mse_test,rmse_test,mae_test,mape_test
0,3.418351173400879,1.848878355490398,1.1334353685379028,0.017659304663538933
