,mse_test,rmse_test,mae_test,mape_test
0,416.0467224121094,20.397223399573516,12.063570022583008,3103.317626953125
