,mse_test,rmse_test,mae_test,mape_test
0,633.1571655273438,25.162614441415737,13.64789867401123,0.24178647994995117
