,mse_test,rmse_test,mae_test,mape_test
0,554.9881591796875,23.558186670023808,12.509145736694336,0.22243177890777588
