,mse_test,rmse_test,mae_test,mape_test
0,2.887192964553833,1.6991742007674884,1.116884469985962,0.017551157623529434
