,mse_test,rmse_test,mae_test,mape_test
0,504.84686279296875,22.468797537762647,12.703990936279297,0.24733863770961761
