,mse_test,rmse_test,mae_test,mape_test
0,5.740090273320675e-06,0.0023958485497461383,0.0015408967155963182,0.0023342433851212263
