,mse_test,rmse_test,mae_test,mape_test
0,440.80322265625,20.99531430239257,12.346911430358887,2939.994873046875
