,mse_test,rmse_test,mae_test,mape_test
0,15.42595386505127,3.92758881058739,2.804539918899536,0.04345926642417908
