,mse_test,rmse_test,mae_test,mape_test
0,611.9327392578125,24.737274289173666,13.229138374328613,0.2386399656534195
