,mse_test,rmse_test,mae_test,mape_test
0,424.04107666015625,20.592257687299764,12.442262649536133,2502.675048828125
