,mse_test,rmse_test,mae_test,mape_test
0,432.654296875,20.800343672040615,12.16053581237793,2258.138916015625
