,mse_test,rmse_test,mae_test,mape_test
0,21.399471282958984,4.625956256057658,3.3574471473693848,0.052886269986629486
