,mse_test,rmse_test,mae_test,mape_test
0,500.50482177734375,22.371965085287965,13.16240119934082,0.2534235119819641
