,mse_test,rmse_test,mae_test,mape_test
0,5.354283985070651e-06,0.002313932580061626,0.0015161751070991158,0.0022932824213057756
