,mse_test,rmse_test,mae_test,mape_test
0,510.87860107421875,22.602623765267136,12.394868850708008,0.23797881603240967
