,mse_test,rmse_test,mae_test,mape_test
0,418.2604064941406,20.451415757696108,12.379495620727539,1824.6409912109375
