,mse_test,rmse_test,mae_test,mape_test
0,547.8724365234375,23.406675042035285,13.229543685913086,0.29979613423347473
