,mse_test,rmse_test,mae_test,mape_test
0,593.5279541015625,24.36242915026255,13.080429077148438,0.21920529007911682
