,mse_test,rmse_test,mae_test,mape_test
0,5.8116270338359755e-06,0.002410731638701408,0.0015267777489498258,0.0023134960792958736
