,mse_test,rmse_test,mae_test,mape_test
0,3.7231991291046143,1.9295593095586916,1.190783143043518,0.01921774260699749
