,mse_test,rmse_test,mae_test,mape_test
0,3.9597504138946533,1.9899121623565834,1.2089420557022095,0.020599834620952606
