,mse_test,rmse_test,mae_test,mape_test
0,3.255997896194458,1.8044383880294883,1.0978705883026123,0.018376236781477928
