,mse_test,rmse_test,mae_test,mape_test
0,12.013644218444824,3.46607042895046,2.5658440589904785,0.043271537870168686
