,mse_test,rmse_test,mae_test,mape_test
0,6.369861239363672e-06,0.0025238584031921584,0.0015200077323243022,0.002298635197803378
