,mse_test,rmse_test,mae_test,mape_test
0,5.538506229640916e-06,0.002353403116688876,0.0015039913123473525,0.0022752475924789906
