,mse_test,rmse_test,mae_test,mape_test
0,3.654240846633911,1.9116068755457831,1.188678503036499,0.01910860277712345
