dataset,model,alpha_mean_std_over_time,beta_mean_std_over_time
Electricity,DeLELSTM,0.7283196684536362,19.240673648177953
Electricity,AttentionDeLELSTM,0.27909404759190853,1.1744389070782928
Exchange,DeLELSTM,0.054115914787396184,3.209238499926113
Exchange,AttentionDeLELSTM,0.01912874044275812,0.020093803028523503
PM2.5,DeLELSTM,0.10832406145590093,156449.7646575094
PM2.5,AttentionDeLELSTM,0.04862042179675754,0.2860327652898151
