,mse_test,rmse_test,mae_test,mape_test
0,6.474418114521541e-06,0.0025444877902087762,0.0015556428115814924,0.0023491315077990294
