,mse_test,rmse_test,mae_test,mape_test
0,5.820811566081829e-06,0.0024126358129816917,0.0015206325333565474,0.0023078846279531717
