,mse_test,rmse_test,mae_test,mape_test
0,6.737080184393562e-06,0.002595588600759674,0.0015540325548499823,0.0023381731007248163
