,mse_test,rmse_test,mae_test,mape_test
0,6.258296707528643e-06,0.0025016587911880876,0.001523055019788444,0.0022979010827839375
