,mse_test,rmse_test,mae_test,mape_test
0,5.319631327438401e-06,0.0023064325976360983,0.0015243436209857464,0.002305140718817711
