,mse_test,rmse_test,mae_test,mape_test
0,6.423166269087233e-06,0.0025343966282109897,0.001523719634860754,0.0023067009169608355
