,mse_test,rmse_test,mae_test,mape_test
0,482.98101806640625,21.976829117650396,11.857589721679688,0.2140895277261734
