,mse_test,rmse_test,mae_test,mape_test
0,5.724845777876908e-06,0.0023926649949119303,0.0015483354218304157,0.0023410352878272533
