,mse_test,rmse_test,mae_test,mape_test
0,539.7117919921875,23.23169800062379,14.194636344909668,0.2662070095539093
