,mse_test,rmse_test,mae_test,mape_test
0,2.9631171226501465,1.721370710407885,1.0684069395065308,0.0164665374904871
