,mse_test,rmse_test,mae_test,mape_test
0,3.3339290618896484,1.8259049980460782,1.0802268981933594,0.017701566219329834
