,mse_test,rmse_test,mae_test,mape_test
0,3.7061927318573,1.925147457172385,1.18808913230896,0.018642747774720192
