,mse_test,rmse_test,mae_test,mape_test
0,3.141921043395996,1.7725464855388127,1.183251142501831,0.01897379755973816
