,mse_test,rmse_test,mae_test,mape_test
0,451.1062927246094,21.23926299862143,12.82153034210205,0.26281699538230896
