,mse_test,rmse_test,mae_test,mape_test
0,5.332571618055226e-06,0.0023092361546743602,0.0014571985229849815,0.0022059541661292315
