,mse_test,rmse_test,mae_test,mape_test
0,448.34100341796875,21.17406440478466,12.691075325012207,0.24349403381347656
