,mse_test,rmse_test,mae_test,mape_test
0,424.79522705078125,20.61056105618625,11.887456893920898,0.20888081192970276
